{
  "fp32_results": {
    "latency": {
      "mean": 0.5690655000034894,
      "std": 0.42765435872277696,
      "min": 0.4625000001396984,
      "max": 5.926499999986845,
      "p50": 0.488549999317911,
      "p95": 0.8534950006833237,
      "p99": 1.3290709989814673,
      "raw_latencies": [
        0.8780999996815808,
        0.5046000005677342,
        0.48210000022663735,
        0.49700000090524554,
        0.4774999997607665,
        0.47930000073392875,
        0.48550000065006316,
        0.48659999993105885,
        0.5271000009088311,
        0.49109999963548034,
        0.4869999993388774,
        0.5232000003161374,
        0.504400000863825,
        0.5001999998057727,
        0.48859999878914095,
        0.4896000009466661,
        0.8288999997603241,
        0.5062999989604577,
        0.49229999967792537,
        0.4907000002276618,
        0.7564999996247934,
        0.5051000007370021,
        0.5417999982455513,
        0.5000999990443233,
        0.4766000001836801,
        0.493800000185729,
        0.4970999998477055,
        0.5055000001448207,
        0.4929000006086426,
        0.50560000090627,
        0.5620000010821968,
        0.8522000007360475,
        0.9238000002369517,
        0.5018000010750256,
        0.5175999995117309,
        0.5072000003565336,
        0.5024000001867535,
        0.503999999637017,
        0.4945999990013661,
        0.9049000000231899,
        0.49049999870476313,
        0.4822999999305466,
        0.488499999846681,
        0.51050000001851,
        0.5063999997219071,
        0.46410000140895136,
        0.7947999984025955,
        0.47420000009879004,
        0.47759999870322645,
        0.4642000003514113,
        0.47429999904125,
        0.506499998664367,
        0.4744000016216887,
        0.48489999971934594,
        0.4821999991690973,
        0.47280000035243575,
        0.48160000005736947,
        0.4697999993368285,
        0.4747000002680579,
        0.46490000022458844,
        0.4774999997607665,
        0.47389999963343143,
        0.4793999996763887,
        0.7281999987753807,
        0.48409999908471946,
        0.47389999963343143,
        0.4757999995490536,
        0.47029999950609636,
        0.4675999989558477,
        0.4625000001396984,
        5.926499999986845,
        0.48240000069199596,
        0.4757999995490536,
        0.4718000000139,
        0.4700999998021871,
        0.4746999984490685,
        0.4710000011982629,
        0.4637000001821434,
        0.46719999954802915,
        0.47429999904125,
        0.4683999995904742,
        0.48599999900034163,
        0.4845000003115274,
        0.47790000098757446,
        0.47510000149486586,
        0.5041000003984664,
        0.4743999998026993,
        0.9520999992673751,
        0.48550000065006316,
        0.5249999994703103,
        0.6739000000379747,
        1.3165999989723787,
        0.5965000000287546,
        0.475499999083695,
        0.5917000016779639,
        0.4850000004807953,
        0.4709999993792735,
        0.4670000016631093,
        1.215500000398606,
        0.5251000002317596,
        0.49389999912818894,
        0.48380000043835025,
        0.47249999988707714,
        0.49760000001697335,
        0.47929999891493935,
        0.4791000010300195,
        0.47869999980321154,
        0.4802999992534751,
        0.4684999985329341,
        0.4910000006930204,
        0.4864000002271496,
        0.4949000012857141,
        0.48550000065006316,
        0.4806000015378231,
        0.787899998613284,
        0.5103000003146008,
        0.5061000010755379,
        2.563699999882374,
        0.5131999987497693,
        0.49109999963548034,
        0.48999999853549525,
        0.49360000048181973,
        0.49420000141253695,
        0.49229999967792537,
        0.4931999992550118,
        0.48799999967741314,
        0.7112000002962304,
        0.4859000000578817,
        0.4873000016232254,
        0.4796999983227579,
        0.4729000011138851,
        0.46459999975922983,
        0.4816999989998294,
        0.46490000022458844,
        0.4757999995490536,
        0.4817000008188188,
        0.49960000069404487,
        0.47139999878709204,
        0.4719000007753493,
        0.49670000043988694,
        0.47450000056414865,
        0.4704000002675457,
        0.4761000000144122,
        0.49870000111695845,
        0.5002000016247621,
        1.2563000000227476,
        0.6520999995700549,
        0.48799999967741314,
        0.4972000006091548,
        0.4865000009885989,
        0.522300000739051,
        0.5086000001028879,
        0.7612999997945735,
        0.49360000048181973,
        0.48859999878914095,
        0.4957000001013512,
        0.4833000002690824,
        1.009699999485747,
        0.5037999999331078,
        0.5782999996881699,
        0.48470000001543667,
        0.6272999999055173,
        0.4957000001013512,
        0.4924000004393747,
        0.5190000010770746,
        0.5017000003135763,
        0.48160000005736947,
        0.4839000011997996,
        0.48720000086177606,
        0.4920999999740161,
        0.4842999987886287,
        0.5077999994682614,
        0.838399999338435,
        0.5072999992989935,
        0.4900999992969446,
        0.4772000011143973,
        0.48830000014277175,
        0.4791999999724794,
        0.4707000007329043,
        0.4870000011578668,
        0.49190000027010683,
        0.49310000031255186,
        0.49279999984719325,
        0.4817000008188188,
        0.49419999959354755,
        0.4867000006925082,
        0.46999999904073775,
        0.8039999993343372,
        0.8513000011589611,
        0.49960000069404487,
        0.47219999942171853,
        0.47820000145293307,
        0.4825999985769158,
        0.4778000002261251,
        0.47399999857589137,
        0.5255999985820381,
        0.4766000001836801,
        0.47510000149486586,
        0.4898999995930353,
        0.48739999874669593
      ]
    },
    "model_info": {
      "file_size_mb": 8.471696853637695,
      "path": "models\\model.onnx",
      "opset_version": 17,
      "quantized_nodes": 62
    },