{
  "fp32_results": {
    "latency": {
      "mean": 0.588895499931823,
      "std": 0.303828082626151,
      "min": 0.4466999998840038,
      "max": 3.1950000011420343,
      "p50": 0.4917500009469222,
      "p95": 1.1361399980160054,
      "p99": 1.683698999840992,
      "raw_latencies": [
        0.4762999997183215,
        0.4762999997183215,
        0.5147000010765623,
        0.4791999999724794,
        0.468999998702202,
        0.5125999996380415,
        0.500300000567222,
        0.48799999785842374,
        0.5429000011645257,
        0.5294000002322719,
        0.5294000002322719,
        0.780099999246886,
        0.51059999896097,
        0.5135999999765772,
        0.4870999982813373,
        0.4755000009026844,
        0.4838999993808102,
        0.4826000003959052,
        0.46189999920898117,
        0.47030000132508576,
        0.4774000008183066,
        0.4802000003110152,
        0.487600002088584,
        0.48349999997299165,
        0.5602999990514945,
        0.6400999991456047,
        0.5708999997295905,
        0.4893000004813075,
        0.49250000301981345,
        0.5405000010796357,
        0.4751999986183364,
        0.46609999844804406,
        0.4768000035255682,
        0.5071000014140736,
        0.5294000002322719,
        0.6864999995741528,
        0.8103000000119209,
        0.4880999986198731,
        0.48210000022663735,
        0.5998000015097205,
        1.2989000024390407,
        0.5086999990453478,
        0.5233999982010573,
        0.4842000016651582,
        0.4751999986183364,
        0.48009999954956584,
        0.4904000015812926,
        0.4775000015797559,
        0.46939999811002053,
        0.48210000022663735,
        0.5177999992156401,
        0.472699997771997,
        0.463699998363154,
        0.4704999992100056,
        1.675999999861233,
        0.5357999980333261,
        1.5137000009417534,
        0.4927000009047333,
        0.5143999987922143,
        0.5058999995526392,
        0.49369999760529026,
        0.47450000056414865,
        0.4721000004792586,
        0.4625000001396984,
        0.4848000025958754,
        0.481999999465188,
        0.474600001325598,
        0.8773000008659437,
        0.5754000012530014,
        0.50320000082138,
        0.485699998534983,
        0.6059000006644055,
        0.49539999963599257,
        0.49369999760529026,
        0.4968000030203257,
        0.4748999999719672,
        0.48289999904227443,
        0.49030000081984326,
        0.5973999977868516,
        0.4898000006505754,
        0.4771999992954079,
        0.48299999980372377,
        0.9086000027309638,
        1.0841000002983492,
        0.5001999998057727,
        0.4867000025114976,
        0.5108000004838686,
        2.4458999978378415,
        0.4845000003115274,
        1.1011000024154782,
        0.47679999988758937,
        0.4466999998840038,
        1.4407000016944949,
        0.6654999997408595,
        0.5357000009098556,
        0.5968000004941132,
        0.4804999989573844,
        0.6681999984721188,
        0.4892999968433287,
        0.5508000031113625,
        0.4712999980256427,
        0.4735999973490834,
        0.47869999980321154,
        0.5285000006551854,
        0.4721999976027291,
        0.48379999861936085,
        0.6097000004956499,
        1.13489999785088,
        0.5210999988776166,
        0.4956999982823618,
        0.4956999982823618,
        0.482300001749536,
        0.47450000056414865,
        0.4840000001422595,
        0.48179999794228934,
        0.4633999997167848,
        0.4654000003938563,
        0.46949999887146987,
        0.4614000026776921,
        0.47959999938029796,
        0.47249999988707714,
        0.5859999982931186,
        0.5314000009093434,
        0.51059999896097,
        0.5018000010750256,
        0.49360000048181973,
        0.4971000016666949,
        0.5296000017551705,
        0.49140000191982836,
        1.3142000025254674,
        0.4920999999740161,
        0.49729999955161475,
        0.47819999963394366,
        0.48320000132662244,
        0.46830000064801425,
        1.108200001908699,
        0.5677999979525339,
        0.509299999976065,
        0.48379999861936085,
        0.4853999998886138,
        0.4727000014099758,
        0.4765999983646907,
        0.514900002599461,
        0.4748999999719672,
        0.4750000007334165,
        0.4979999976058025,
        0.4645000008167699,
        0.4665000014938414,
        0.4864000002271496,
        0.4778000002261251,
        0.47309999717981555,
        0.48880000031203963,
        0.9477000021433923,
        0.5125999996380415,
        0.47790000098757446,
        0.47819999963394366,
        0.663499999063788,
        0.4837000014958903,
        0.4619999999704305,
        0.4768999970110599,
        0.4690000023401808,
        0.4790999992110301,
        0.4704000020865351,
        0.4670999987865798,
        0.4833000020880718,
        0.4650999981095083,
        1.1767999967560172,
        0.7519999999203719,
        0.6317999977909494,
        0.5596999981207773,
        0.5939000002399553,
        0.6066999994800426,
        0.5678000015905127,
        0.5662000003212597,
        0.5615999980363995,
        0.6644000022788532,
        0.4889999981969595,
        0.49030000081984326,
        0.5552000002353452,
        0.4989000008208677,
        0.9849000016401988,
        1.272399997105822,
        0.481999999465188,
        0.4957999990438111,
        0.4954999967594631,
        0.4774999979417771,
        0.4732000015792437,
        3.1950000011420343,
        0.5263999992166646,
        1.1597000011533964,
        0.6170000015117694,
        0.48169999718084,
        0.48319999768864363,
        0.5299000004015397,
        0.49340000259689987,
        0.5104999981995206,
        0.4893000004813075,
        0.7090999970387202,
        0.6236999979591928,
        0.5034999994677491
      ]
    },
    "model_info": {
      "file_size_mb": 8.471696853637695,
      "path": "models_quant\\model.onnx",
      "opset_version": 17,
      "quantized_nodes": 62
    },