{
  "fp32_results": {
    "latency": {
      "mean": 0.5876010000065435,
      "std": 0.1992546787373591,
      "min": 0.5215999999563792,
      "max": 3.168400000049587,
      "p50": 0.5500500001289765,
      "p95": 0.7714250000390163,
      "p99": 0.9932199999593648,
      "raw_latencies": [
        0.5501000000549539,
        0.6230999999843334,
        0.5510999999387423,
        0.5301999999574036,
        0.5294000000048982,
        0.5306999998992978,
        0.5264000001261593,
        0.5376999999953114,
        0.5235999999513297,
        0.538999999889711,
        0.5264000001261593,
        0.6009000001085951,
        0.545599999895785,
        0.5297000000155094,
        0.5332999999154708,
        0.5356000001484063,
        0.8256999999503023,
        0.5241999999725522,
        0.5307999999786261,
        0.5432999998902233,
        0.59729999998126,
        0.5309000000579545,
        0.5218999999669904,
        0.5395999999109335,
        0.7278999999016378,
        0.5960000000868604,
        0.5439999999907741,
        0.5413999999746011,
        0.5363000000215834,
        0.5298999999467924,
        0.8345000001099834,
        0.5438000000594911,
        0.5458000000544416,
        0.5278000000998873,
        0.5435000000488799,
        0.5404999999427673,
        0.5274000000099477,
        0.5215999999563792,
        0.6090999997923063,
        0.5456000001231587,
        0.5303000000367319,
        0.7491000001209613,
        0.5600000001777516,
        0.5513999999493535,
        0.5567000000610278,
        0.5765000000792497,
        0.7610999998632906,
        0.5693999999039079,
        0.5472999998801242,
        0.5443000000013853,
        0.5436000001282082,
        0.5593999999291555,
        0.5436000001282082,
        0.5434000001969252,
        0.5972000001293054,
        0.5507000000761764,
        0.5433000001175969,
        0.5540999998174811,
        0.5711999999675754,
        0.881499999877633,
        0.5464999999276188,
        0.5699999999251304,
        0.5490000000918371,
        0.5412999998952728,
        0.5787000000054832,
        0.5502000001342822,
        0.5464999999276188,
        0.5327999999735766,
        0.5587999999079329,
        0.5459999999857246,
        0.5335000000741275,
        0.5553999999392545,
        0.5495000000337313,
        0.5416999999852123,
        0.5791000000954227,
        0.541799999837167,
        0.575400000116133,
        0.5464999999276188,
        0.5674000001363311,
        0.5535000000236323,
        0.5521000000499043,
        0.5616999999347172,
        0.5512000000180706,
        0.5466000000069471,
        0.5350000001271837,
        0.5456000001231587,
        3.168400000049587,
        0.9362999999211752,
        0.5840999999691121,
        0.7705000000441942,
        0.8095999999113701,
        0.5740999999943597,
        0.5515000000286818,
        0.5432000000382686,
        0.5502999999862368,
        0.5500000002029992,
        0.5467000000862754,
        1.0050999999293708,
        0.5548999999973603,
        0.5470000000968867,
        0.5521000000499043,
        0.5797000001166452,
        0.5499999999756255,
        0.5525999999917985,
        0.5502999999862368,
        0.5392999999003223,
        0.5461999999170075,
        0.549700000192388,
        0.5486000000018976,
        0.5590999999185442,
        0.5447999999432795,
        0.553200000013021,
        0.5533000000923494,
        0.6206000000474887,
        0.6070000001727749,
        0.6009000001085951,
        0.5539000001135719,
        0.5489000000125088,
        0.6048000000191678,
        0.5432000000382686,
        0.5490000000918371,
        0.5432000000382686,
        0.5602999999609892,
        0.5779000000529777,
        0.5518999998912477,
        0.5354999998417043,
        0.6720999999743071,
        0.5713000000469037,
        0.5693000000519532,
        0.5490999999437918,
        0.5516999999599648,
        0.562400000035268,
        0.5553999999392545,
        0.554599999986749,
        0.554599999986749,
        0.5444999999326683,
        0.5539000001135719,
        0.5504000000655651,
        0.5504999999175197,
        0.5617000001620909,
        0.7889999999406427,
        0.8537000001069828,
        0.5589000002146349,
        0.5381999999372056,
        0.5395000000589789,
        0.5513999999493535,
        0.5418999999164953,
        0.5306000000473432,
        0.5361000000903005,
        0.5381000000852509,
        0.5370999999740889,
        0.5383000000165339,
        0.5982000000130938,
        0.5424000000857632,
        0.597499999912543,
        0.5435999999008345,
        0.5400999998528278,
        0.5464999999276188,
        0.5355000000690779,
        0.5461000000650529,
        0.5426000000170461,
        0.5324000001110107,
        0.5295000000842265,
        0.5423999998583895,
        0.550799999928131,
        0.5246000000624917,
        0.5376999999953114,
        0.5433000001175969,
        0.5324000001110107,
        0.5370000001221342,
        0.7162000001699198,
        0.598699999954988,
        0.5474000001868262,
        0.5513000000973989,
        0.5905999998958578,
        0.5579000001034728,
        0.5390999999690393,
        0.5426000000170461,
        0.5734999999731372,
        0.5416999999852123,
        0.5524999999124702,
        0.5649999998240673,
        0.580600000148479,
        0.5370999999740889,
        0.730799999928422,
        0.5931999999120308,
        0.6525999999666965,
        0.5634999999983847,
        0.6209999999100546,
        0.5420999998477782,
        0.5536999999549153,
        0.5555000000185828,
        0.576800000089861,
        0.5439999999907741,
        0.542999999879612,
        0.5576999999448162,
        0.579099999868049,
        0.9930999999596679,
        0.609299999950963,
        0.5344999999579159
      ]
    },
    "model_info": {
      "file_size_mb": 8.471696853637695,
      "path": "models\\model.onnx",
      "opset_version": 17,
      "quantized_nodes": 62
    },