Model,File_Size_MB,Mean_Latency_ms,P50_Latency_ms,P95_Latency_ms,Std_Latency_ms
FP32,8.471696853637695,0.588895499931823,0.4917500009469222,1.1361399980160054,0.303828082626151
INT8,N/A,N/A,N/A,N/A,N/A
